Level	Rule Name	Subject	Property	Value
ERROR	duplicate_definition	eBioscience	IAO:0000115	A supplier of flow cytometry analyzers
ERROR	duplicate_definition	Cytopeia	IAO:0000115	A supplier of flow cytometry analyzers
ERROR	duplicate_definition	Exalpha Biological	IAO:0000115	A supplier of flow cytometry analyzers
ERROR	duplicate_definition	Apogee Flow Systems	IAO:0000115	A supplier of flow cytometry analyzers
ERROR	duplicate_definition	Exbio Antibodies	IAO:0000115	A supplier of flow cytometry analyzers
ERROR	duplicate_definition	Becton Dickinson (BD Biosciences)	IAO:0000115	A supplier of flow cytometry analyzers
ERROR	duplicate_definition	Dako Cytomation	IAO:0000115	A supplier of flow cytometry analyzers
ERROR	duplicate_definition	Millipore	IAO:0000115	A supplier of flow cytometry analyzers
ERROR	duplicate_definition	Antigenix	IAO:0000115	A supplier of flow cytometry analyzers
ERROR	duplicate_definition	Partec	IAO:0000115	A supplier of flow cytometry analyzers
ERROR	duplicate_definition	Beckman Coulter	IAO:0000115	A supplier of flow cytometry analyzers
ERROR	duplicate_definition	Advanced Instruments Inc. (AI Companies)	IAO:0000115	A supplier of flow cytometry analyzers
ERROR	duplicate_definition	Miltenyi Biotec	IAO:0000115	A supplier of flow cytometry analyzers
ERROR	duplicate_definition	AES Chemunex	IAO:0000115	A supplier of flow cytometry analyzers
ERROR	duplicate_definition	Bentley Instruments	IAO:0000115	A supplier of flow cytometry analyzers
ERROR	duplicate_definition	Invitrogen	IAO:0000115	A supplier of flow cytometry analyzers
ERROR	duplicate_definition	Luminex	IAO:0000115	A supplier of flow cytometry analyzers
ERROR	duplicate_definition	CytoBuoy	IAO:0000115	A supplier of flow cytometry analyzers
ERROR	duplicate_definition	has_specified_output	IAO:0000115	A relation between a planned process and a continuant participating in that process. The presence of the continuant at the end of the process is explicitly specified in the objective specification which the process realizes the concretization of.@en
ERROR	duplicate_definition	is_specified_output_of	IAO:0000115	A relation between a planned process and a continuant participating in that process. The presence of the continuant at the end of the process is explicitly specified in the objective specification which the process realizes the concretization of.@en
ERROR	duplicate_definition	has_specified_input	IAO:0000115	A relation between a planned process and a continuant participating in that process that is not created during  the process. The presence of the continuant during the process is explicitly specified in the plan specification which the process realizes the concretization of.@en
ERROR	duplicate_definition	is_specified_input_of	IAO:0000115	A relation between a planned process and a continuant participating in that process that is not created during  the process. The presence of the continuant during the process is explicitly specified in the plan specification which the process realizes the concretization of.@en
ERROR	multiple_equivalent_classes	kilogram	owl:equivalentClass	0dc35785-7c5a-44a1-874b-351e09c4c99dgenid2199
ERROR	multiple_equivalent_classes	kilogram	owl:equivalentClass	0dc35785-7c5a-44a1-874b-351e09c4c99dgenid2203
ERROR	multiple_equivalent_classes	centimeter	owl:equivalentClass	0dc35785-7c5a-44a1-874b-351e09c4c99dgenid2216
ERROR	multiple_equivalent_classes	centimeter	owl:equivalentClass	0dc35785-7c5a-44a1-874b-351e09c4c99dgenid2220
ERROR	multiple_equivalent_classes	millimeter	owl:equivalentClass	0dc35785-7c5a-44a1-874b-351e09c4c99dgenid2223
ERROR	multiple_equivalent_classes	millimeter	owl:equivalentClass	0dc35785-7c5a-44a1-874b-351e09c4c99dgenid2227
ERROR	multiple_equivalent_classes	micrometer	owl:equivalentClass	0dc35785-7c5a-44a1-874b-351e09c4c99dgenid2230
ERROR	multiple_equivalent_classes	micrometer	owl:equivalentClass	0dc35785-7c5a-44a1-874b-351e09c4c99dgenid2234
ERROR	multiple_equivalent_classes	nanometer	owl:equivalentClass	0dc35785-7c5a-44a1-874b-351e09c4c99dgenid2237
ERROR	multiple_equivalent_classes	nanometer	owl:equivalentClass	0dc35785-7c5a-44a1-874b-351e09c4c99dgenid2241
ERROR	multiple_equivalent_classes	picometer	owl:equivalentClass	0dc35785-7c5a-44a1-874b-351e09c4c99dgenid2246
ERROR	multiple_equivalent_classes	picometer	owl:equivalentClass	0dc35785-7c5a-44a1-874b-351e09c4c99dgenid2250
ERROR	multiple_equivalent_classes	milligram	owl:equivalentClass	0dc35785-7c5a-44a1-874b-351e09c4c99dgenid2255
ERROR	multiple_equivalent_classes	milligram	owl:equivalentClass	0dc35785-7c5a-44a1-874b-351e09c4c99dgenid2259
ERROR	multiple_equivalent_classes	microgram	owl:equivalentClass	0dc35785-7c5a-44a1-874b-351e09c4c99dgenid2262
ERROR	multiple_equivalent_classes	microgram	owl:equivalentClass	0dc35785-7c5a-44a1-874b-351e09c4c99dgenid2266
ERROR	multiple_equivalent_classes	nanogram	owl:equivalentClass	0dc35785-7c5a-44a1-874b-351e09c4c99dgenid2269
ERROR	multiple_equivalent_classes	nanogram	owl:equivalentClass	0dc35785-7c5a-44a1-874b-351e09c4c99dgenid2273
ERROR	multiple_equivalent_classes	picogram	owl:equivalentClass	0dc35785-7c5a-44a1-874b-351e09c4c99dgenid2276
ERROR	multiple_equivalent_classes	picogram	owl:equivalentClass	0dc35785-7c5a-44a1-874b-351e09c4c99dgenid2280
ERROR	multiple_equivalent_classes	femtogram	owl:equivalentClass	0dc35785-7c5a-44a1-874b-351e09c4c99dgenid2283
ERROR	multiple_equivalent_classes	femtogram	owl:equivalentClass	0dc35785-7c5a-44a1-874b-351e09c4c99dgenid2287
ERROR	multiple_equivalent_classes	millisecond	owl:equivalentClass	0dc35785-7c5a-44a1-874b-351e09c4c99dgenid2292
ERROR	multiple_equivalent_classes	millisecond	owl:equivalentClass	0dc35785-7c5a-44a1-874b-351e09c4c99dgenid2296
ERROR	multiple_equivalent_classes	microsecond	owl:equivalentClass	0dc35785-7c5a-44a1-874b-351e09c4c99dgenid2299
ERROR	multiple_equivalent_classes	microsecond	owl:equivalentClass	0dc35785-7c5a-44a1-874b-351e09c4c99dgenid2303
ERROR	multiple_equivalent_classes	picosecond	owl:equivalentClass	0dc35785-7c5a-44a1-874b-351e09c4c99dgenid2306
ERROR	multiple_equivalent_classes	picosecond	owl:equivalentClass	0dc35785-7c5a-44a1-874b-351e09c4c99dgenid2310
ERROR	multiple_equivalent_classes	milliampere	owl:equivalentClass	0dc35785-7c5a-44a1-874b-351e09c4c99dgenid2325
ERROR	multiple_equivalent_classes	milliampere	owl:equivalentClass	0dc35785-7c5a-44a1-874b-351e09c4c99dgenid2329
ERROR	multiple_equivalent_classes	microampere	owl:equivalentClass	0dc35785-7c5a-44a1-874b-351e09c4c99dgenid2332
ERROR	multiple_equivalent_classes	microampere	owl:equivalentClass	0dc35785-7c5a-44a1-874b-351e09c4c99dgenid2336
ERROR	multiple_equivalent_classes	micromole	owl:equivalentClass	0dc35785-7c5a-44a1-874b-351e09c4c99dgenid2339
ERROR	multiple_equivalent_classes	micromole	owl:equivalentClass	0dc35785-7c5a-44a1-874b-351e09c4c99dgenid2343
ERROR	multiple_equivalent_classes	millimole	owl:equivalentClass	0dc35785-7c5a-44a1-874b-351e09c4c99dgenid2346
ERROR	multiple_equivalent_classes	millimole	owl:equivalentClass	0dc35785-7c5a-44a1-874b-351e09c4c99dgenid2350
ERROR	multiple_equivalent_classes	nanomole	owl:equivalentClass	0dc35785-7c5a-44a1-874b-351e09c4c99dgenid2353
ERROR	multiple_equivalent_classes	nanomole	owl:equivalentClass	0dc35785-7c5a-44a1-874b-351e09c4c99dgenid2357
ERROR	multiple_equivalent_classes	picomole	owl:equivalentClass	0dc35785-7c5a-44a1-874b-351e09c4c99dgenid2360
ERROR	multiple_equivalent_classes	picomole	owl:equivalentClass	0dc35785-7c5a-44a1-874b-351e09c4c99dgenid2364
ERROR	multiple_equivalent_classes	femtomole	owl:equivalentClass	0dc35785-7c5a-44a1-874b-351e09c4c99dgenid2367
ERROR	multiple_equivalent_classes	femtomole	owl:equivalentClass	0dc35785-7c5a-44a1-874b-351e09c4c99dgenid2371
ERROR	multiple_equivalent_classes	attomole	owl:equivalentClass	0dc35785-7c5a-44a1-874b-351e09c4c99dgenid2374
ERROR	multiple_equivalent_classes	attomole	owl:equivalentClass	0dc35785-7c5a-44a1-874b-351e09c4c99dgenid2378
ERROR	multiple_equivalent_classes	millimolar	owl:equivalentClass	0dc35785-7c5a-44a1-874b-351e09c4c99dgenid2383
ERROR	multiple_equivalent_classes	millimolar	owl:equivalentClass	0dc35785-7c5a-44a1-874b-351e09c4c99dgenid2387
ERROR	multiple_equivalent_classes	micromolar	owl:equivalentClass	0dc35785-7c5a-44a1-874b-351e09c4c99dgenid2390
ERROR	multiple_equivalent_classes	micromolar	owl:equivalentClass	0dc35785-7c5a-44a1-874b-351e09c4c99dgenid2394
ERROR	multiple_equivalent_classes	nanomolar	owl:equivalentClass	0dc35785-7c5a-44a1-874b-351e09c4c99dgenid2397
ERROR	multiple_equivalent_classes	nanomolar	owl:equivalentClass	0dc35785-7c5a-44a1-874b-351e09c4c99dgenid2401
ERROR	multiple_equivalent_classes	picomolar	owl:equivalentClass	0dc35785-7c5a-44a1-874b-351e09c4c99dgenid2404
ERROR	multiple_equivalent_classes	picomolar	owl:equivalentClass	0dc35785-7c5a-44a1-874b-351e09c4c99dgenid2408
ERROR	multiple_equivalent_classes	millimolal	owl:equivalentClass	0dc35785-7c5a-44a1-874b-351e09c4c99dgenid2413
ERROR	multiple_equivalent_classes	millimolal	owl:equivalentClass	0dc35785-7c5a-44a1-874b-351e09c4c99dgenid2417
ERROR	multiple_equivalent_classes	micromolal	owl:equivalentClass	0dc35785-7c5a-44a1-874b-351e09c4c99dgenid2420
ERROR	multiple_equivalent_classes	micromolal	owl:equivalentClass	0dc35785-7c5a-44a1-874b-351e09c4c99dgenid2424
ERROR	multiple_equivalent_classes	nanomolal	owl:equivalentClass	0dc35785-7c5a-44a1-874b-351e09c4c99dgenid2427
ERROR	multiple_equivalent_classes	nanomolal	owl:equivalentClass	0dc35785-7c5a-44a1-874b-351e09c4c99dgenid2431
ERROR	multiple_equivalent_classes	picomolal	owl:equivalentClass	0dc35785-7c5a-44a1-874b-351e09c4c99dgenid2434
ERROR	multiple_equivalent_classes	picomolal	owl:equivalentClass	0dc35785-7c5a-44a1-874b-351e09c4c99dgenid2438
ERROR	multiple_equivalent_classes	femtomolar	owl:equivalentClass	0dc35785-7c5a-44a1-874b-351e09c4c99dgenid2441
ERROR	multiple_equivalent_classes	femtomolar	owl:equivalentClass	0dc35785-7c5a-44a1-874b-351e09c4c99dgenid2445
ERROR	multiple_equivalent_classes	kilogram per square meter	owl:equivalentClass	0dc35785-7c5a-44a1-874b-351e09c4c99dgenid2470
ERROR	multiple_equivalent_classes	kilogram per square meter	owl:equivalentClass	0dc35785-7c5a-44a1-874b-351e09c4c99dgenid2474
ERROR	multiple_equivalent_classes	kilogram per mole	owl:equivalentClass	0dc35785-7c5a-44a1-874b-351e09c4c99dgenid2477
ERROR	multiple_equivalent_classes	kilogram per mole	owl:equivalentClass	0dc35785-7c5a-44a1-874b-351e09c4c99dgenid2481
ERROR	multiple_equivalent_classes	milliliter	owl:equivalentClass	0dc35785-7c5a-44a1-874b-351e09c4c99dgenid2502
ERROR	multiple_equivalent_classes	milliliter	owl:equivalentClass	0dc35785-7c5a-44a1-874b-351e09c4c99dgenid2506
ERROR	multiple_equivalent_classes	microliter	owl:equivalentClass	0dc35785-7c5a-44a1-874b-351e09c4c99dgenid2513
ERROR	multiple_equivalent_classes	microliter	owl:equivalentClass	0dc35785-7c5a-44a1-874b-351e09c4c99dgenid2517
ERROR	multiple_equivalent_classes	nanoliter	owl:equivalentClass	0dc35785-7c5a-44a1-874b-351e09c4c99dgenid2520
ERROR	multiple_equivalent_classes	nanoliter	owl:equivalentClass	0dc35785-7c5a-44a1-874b-351e09c4c99dgenid2524
ERROR	multiple_equivalent_classes	picoliter	owl:equivalentClass	0dc35785-7c5a-44a1-874b-351e09c4c99dgenid2527
ERROR	multiple_equivalent_classes	picoliter	owl:equivalentClass	0dc35785-7c5a-44a1-874b-351e09c4c99dgenid2531
ERROR	multiple_equivalent_classes	femtoliter	owl:equivalentClass	0dc35785-7c5a-44a1-874b-351e09c4c99dgenid2534
ERROR	multiple_equivalent_classes	femtoliter	owl:equivalentClass	0dc35785-7c5a-44a1-874b-351e09c4c99dgenid2538
ERROR	multiple_equivalent_classes	millisievert	owl:equivalentClass	0dc35785-7c5a-44a1-874b-351e09c4c99dgenid2573
ERROR	multiple_equivalent_classes	millisievert	owl:equivalentClass	0dc35785-7c5a-44a1-874b-351e09c4c99dgenid2577
ERROR	multiple_equivalent_classes	microsievert	owl:equivalentClass	0dc35785-7c5a-44a1-874b-351e09c4c99dgenid2580
ERROR	multiple_equivalent_classes	microsievert	owl:equivalentClass	0dc35785-7c5a-44a1-874b-351e09c4c99dgenid2584
ERROR	multiple_equivalent_classes	microgray	owl:equivalentClass	0dc35785-7c5a-44a1-874b-351e09c4c99dgenid2589
ERROR	multiple_equivalent_classes	microgray	owl:equivalentClass	0dc35785-7c5a-44a1-874b-351e09c4c99dgenid2593
ERROR	multiple_equivalent_classes	milligray	owl:equivalentClass	0dc35785-7c5a-44a1-874b-351e09c4c99dgenid2596
ERROR	multiple_equivalent_classes	milligray	owl:equivalentClass	0dc35785-7c5a-44a1-874b-351e09c4c99dgenid2600
ERROR	multiple_equivalent_classes	nanogray	owl:equivalentClass	0dc35785-7c5a-44a1-874b-351e09c4c99dgenid2603
ERROR	multiple_equivalent_classes	nanogray	owl:equivalentClass	0dc35785-7c5a-44a1-874b-351e09c4c99dgenid2607
ERROR	multiple_equivalent_classes	nanosievert	owl:equivalentClass	0dc35785-7c5a-44a1-874b-351e09c4c99dgenid2610
ERROR	multiple_equivalent_classes	nanosievert	owl:equivalentClass	0dc35785-7c5a-44a1-874b-351e09c4c99dgenid2614
ERROR	multiple_equivalent_classes	millicurie	owl:equivalentClass	0dc35785-7c5a-44a1-874b-351e09c4c99dgenid2617
ERROR	multiple_equivalent_classes	millicurie	owl:equivalentClass	0dc35785-7c5a-44a1-874b-351e09c4c99dgenid2621
ERROR	multiple_equivalent_classes	microcurie	owl:equivalentClass	0dc35785-7c5a-44a1-874b-351e09c4c99dgenid2624
ERROR	multiple_equivalent_classes	microcurie	owl:equivalentClass	0dc35785-7c5a-44a1-874b-351e09c4c99dgenid2628
ERROR	multiple_equivalent_classes	nanosecond	owl:equivalentClass	0dc35785-7c5a-44a1-874b-351e09c4c99dgenid2635
ERROR	multiple_equivalent_classes	nanosecond	owl:equivalentClass	0dc35785-7c5a-44a1-874b-351e09c4c99dgenid2639
ERROR	multiple_equivalent_classes	microeinstein per square meter per second	owl:equivalentClass	0dc35785-7c5a-44a1-874b-351e09c4c99dgenid2654
ERROR	multiple_equivalent_classes	microeinstein per square meter per second	owl:equivalentClass	0dc35785-7c5a-44a1-874b-351e09c4c99dgenid2658
ERROR	multiple_equivalent_classes	kilogram per liter	owl:equivalentClass	0dc35785-7c5a-44a1-874b-351e09c4c99dgenid2683
ERROR	multiple_equivalent_classes	kilogram per liter	owl:equivalentClass	0dc35785-7c5a-44a1-874b-351e09c4c99dgenid2687
ERROR	multiple_equivalent_classes	milligram per milliliter	owl:equivalentClass	0dc35785-7c5a-44a1-874b-351e09c4c99dgenid2692
ERROR	multiple_equivalent_classes	milligram per milliliter	owl:equivalentClass	0dc35785-7c5a-44a1-874b-351e09c4c99dgenid2696
ERROR	multiple_equivalent_classes	milliliter per kilogram	owl:equivalentClass	0dc35785-7c5a-44a1-874b-351e09c4c99dgenid2725
ERROR	multiple_equivalent_classes	milliliter per kilogram	owl:equivalentClass	0dc35785-7c5a-44a1-874b-351e09c4c99dgenid2729
ERROR	multiple_equivalent_classes	microliter per kilogram	owl:equivalentClass	0dc35785-7c5a-44a1-874b-351e09c4c99dgenid2732
ERROR	multiple_equivalent_classes	microliter per kilogram	owl:equivalentClass	0dc35785-7c5a-44a1-874b-351e09c4c99dgenid2736
ERROR	multiple_equivalent_classes	deciliter	owl:equivalentClass	0dc35785-7c5a-44a1-874b-351e09c4c99dgenid2751
ERROR	multiple_equivalent_classes	deciliter	owl:equivalentClass	0dc35785-7c5a-44a1-874b-351e09c4c99dgenid2755
ERROR	multiple_equivalent_classes	kilodalton	owl:equivalentClass	0dc35785-7c5a-44a1-874b-351e09c4c99dgenid2774
ERROR	multiple_equivalent_classes	kilodalton	owl:equivalentClass	0dc35785-7c5a-44a1-874b-351e09c4c99dgenid2778
ERROR	multiple_equivalent_classes	kilowatt-hour	owl:equivalentClass	0dc35785-7c5a-44a1-874b-351e09c4c99dgenid2783
ERROR	multiple_equivalent_classes	kilowatt-hour	owl:equivalentClass	0dc35785-7c5a-44a1-874b-351e09c4c99dgenid2787
ERROR	multiple_equivalent_classes	kilovolt-hour	owl:equivalentClass	0dc35785-7c5a-44a1-874b-351e09c4c99dgenid2796
ERROR	multiple_equivalent_classes	kilovolt-hour	owl:equivalentClass	0dc35785-7c5a-44a1-874b-351e09c4c99dgenid2800
ERROR	multiple_equivalent_classes	kilobyte	owl:equivalentClass	0dc35785-7c5a-44a1-874b-351e09c4c99dgenid2807
ERROR	multiple_equivalent_classes	kilobyte	owl:equivalentClass	0dc35785-7c5a-44a1-874b-351e09c4c99dgenid2811
ERROR	multiple_equivalent_classes	megabyte	owl:equivalentClass	0dc35785-7c5a-44a1-874b-351e09c4c99dgenid2814
ERROR	multiple_equivalent_classes	megabyte	owl:equivalentClass	0dc35785-7c5a-44a1-874b-351e09c4c99dgenid2818
ERROR	multiple_equivalent_classes	millivolt	owl:equivalentClass	0dc35785-7c5a-44a1-874b-351e09c4c99dgenid2839
ERROR	multiple_equivalent_classes	millivolt	owl:equivalentClass	0dc35785-7c5a-44a1-874b-351e09c4c99dgenid2843
ERROR	multiple_equivalent_classes	kilovolt	owl:equivalentClass	0dc35785-7c5a-44a1-874b-351e09c4c99dgenid2846
ERROR	multiple_equivalent_classes	kilovolt	owl:equivalentClass	0dc35785-7c5a-44a1-874b-351e09c4c99dgenid2850
ERROR	multiple_equivalent_classes	microvolt	owl:equivalentClass	0dc35785-7c5a-44a1-874b-351e09c4c99dgenid2853
ERROR	multiple_equivalent_classes	microvolt	owl:equivalentClass	0dc35785-7c5a-44a1-874b-351e09c4c99dgenid2857
ERROR	multiple_equivalent_classes	nanovolt	owl:equivalentClass	0dc35785-7c5a-44a1-874b-351e09c4c99dgenid2860
ERROR	multiple_equivalent_classes	nanovolt	owl:equivalentClass	0dc35785-7c5a-44a1-874b-351e09c4c99dgenid2864
ERROR	multiple_equivalent_classes	picovolt	owl:equivalentClass	0dc35785-7c5a-44a1-874b-351e09c4c99dgenid2867
ERROR	multiple_equivalent_classes	picovolt	owl:equivalentClass	0dc35785-7c5a-44a1-874b-351e09c4c99dgenid2871
ERROR	multiple_equivalent_classes	megavolt	owl:equivalentClass	0dc35785-7c5a-44a1-874b-351e09c4c99dgenid2874
ERROR	multiple_equivalent_classes	megavolt	owl:equivalentClass	0dc35785-7c5a-44a1-874b-351e09c4c99dgenid2878
ERROR	multiple_equivalent_classes	milligram per liter	owl:equivalentClass	0dc35785-7c5a-44a1-874b-351e09c4c99dgenid2907
ERROR	multiple_equivalent_classes	milligram per liter	owl:equivalentClass	0dc35785-7c5a-44a1-874b-351e09c4c99dgenid2911
ERROR	multiple_equivalent_classes	microgram per milliliter	owl:equivalentClass	0dc35785-7c5a-44a1-874b-351e09c4c99dgenid2914
ERROR	multiple_equivalent_classes	microgram per milliliter	owl:equivalentClass	0dc35785-7c5a-44a1-874b-351e09c4c99dgenid2918
ERROR	multiple_equivalent_classes	nanogram per milliliter	owl:equivalentClass	0dc35785-7c5a-44a1-874b-351e09c4c99dgenid2921
ERROR	multiple_equivalent_classes	nanogram per milliliter	owl:equivalentClass	0dc35785-7c5a-44a1-874b-351e09c4c99dgenid2925
ERROR	multiple_equivalent_classes	microgram per liter	owl:equivalentClass	0dc35785-7c5a-44a1-874b-351e09c4c99dgenid2940
ERROR	multiple_equivalent_classes	microgram per liter	owl:equivalentClass	0dc35785-7c5a-44a1-874b-351e09c4c99dgenid2944
ERROR	multiple_equivalent_classes	milligram per square meter	owl:equivalentClass	0dc35785-7c5a-44a1-874b-351e09c4c99dgenid2949
ERROR	multiple_equivalent_classes	milligram per square meter	owl:equivalentClass	0dc35785-7c5a-44a1-874b-351e09c4c99dgenid2953
ERROR	multiple_equivalent_classes	millisiemens	owl:equivalentClass	0dc35785-7c5a-44a1-874b-351e09c4c99dgenid2978
ERROR	multiple_equivalent_classes	millisiemens	owl:equivalentClass	0dc35785-7c5a-44a1-874b-351e09c4c99dgenid2982
ERROR	multiple_equivalent_classes	micromole	owl:equivalentClass	0dc35785-7c5a-44a1-874b-351e09c4c99dgenid3057
ERROR	multiple_equivalent_classes	micromole	owl:equivalentClass	0dc35785-7c5a-44a1-874b-351e09c4c99dgenid3061
ERROR	multiple_equivalent_classes	picoampere	owl:equivalentClass	0dc35785-7c5a-44a1-874b-351e09c4c99dgenid3072
ERROR	multiple_equivalent_classes	picoampere	owl:equivalentClass	0dc35785-7c5a-44a1-874b-351e09c4c99dgenid3076
ERROR	duplicate_label	milli	rdfs:label	milli
ERROR	duplicate_label	milli	rdfs:label	milli
ERROR	duplicate_label	micromole	rdfs:label	micromole
ERROR	duplicate_label	micromole	rdfs:label	micromole
ERROR	multiple_definitions	independent continuant	IAO:0000115	A continuant that is a bearer of quality and realizable entity entities, in which other entities inhere and which itself cannot inhere in anything.@en
ERROR	multiple_definitions	independent continuant	IAO:0000115	<b is an independent continuant = Def. b is a continuant which is such that there is no c and no t such that b s-depends_on c at t. (axiom label in BFO2 Reference: [017-002])@en>
ERROR	multiple_definitions	process	IAO:0000115	An occurrent that has temporal proper parts and for some time t, p s-depends_on some material entity at t.@en
ERROR	multiple_definitions	process	IAO:0000115	<p is a process = Def. p is an occurrent that has temporal proper parts and for some time t, p s-depends_on some material entity at t. (axiom label in BFO2 Reference: [083-003])@en>
ERROR	multiple_definitions	specifically dependent continuant	IAO:0000115	A continuant that inheres in or is borne by other entities. Every instance of A requires some specific instance of B which must always be the same.@en
ERROR	multiple_definitions	specifically dependent continuant	IAO:0000115	<b is a relational specifically dependent continuant = Def. b is a specifically dependent continuant and there are n &gt; 1 independent continuants c1, … cn which are not spatial regions are such that for all 1 i &lt; j n, ci and cj share no common parts, are such that for each 1 i n, b s-depends_on ci at every time t during the course of b’s existence (axiom label in BFO2 Reference: [131-004])@en>
ERROR	multiple_definitions	specifically dependent continuant	IAO:0000115	<b is a specifically dependent continuant = Def. b is a continuant & there is some independent continuant c which is not a spatial region and which is such that b s-depends_on c at every time t during the course of b’s existence. (axiom label in BFO2 Reference: [050-003])@en>
ERROR	multiple_definitions	generically dependent continuant	IAO:0000115	A continuant that is dependent on one or other independent continuant bearers. For every instance of A requires some instance of (an independent continuant type) B but which instance of B serves can change from time to time.@en
ERROR	multiple_definitions	generically dependent continuant	IAO:0000115	<b is a generically dependent continuant = Def. b is a continuant that g-depends_on one or more other entities. (axiom label in BFO2 Reference: [074-001])@en>
ERROR	multiple_definitions	has part	IAO:0000115	<Q1 has_part Q2 if and only if: every instance of Q1 is a quality_of an entity that has_quality some Q2.>
ERROR	multiple_definitions	has part	IAO:0000115	a core relation that holds between a whole and its part@en
ERROR	multiple_definitions	planned process	IAO:0000115	A process that realizes a plan which is the concretization of a plan specification.@en
ERROR	multiple_definitions	planned process	IAO:0000115	A processual entity that realizes a plan which is the concretization of a plan specification.@en
ERROR	multiple_labels	continuant	rdfs:label	continuant
ERROR	multiple_labels	continuant	rdfs:label	continuant@en
ERROR	multiple_labels	process	rdfs:label	process
ERROR	multiple_labels	process	rdfs:label	process@en
ERROR	multiple_labels	fiat object part	rdfs:label	fiat object@en
ERROR	multiple_labels	fiat object part	rdfs:label	fiat object part@en
ERROR	multiple_labels	material entity	rdfs:label	material entity
ERROR	multiple_labels	material entity	rdfs:label	material entity@en
ERROR	multiple_labels	part_of	rdfs:label	part of
ERROR	multiple_labels	part_of	rdfs:label	part of@en
ERROR	multiple_labels	part_of	rdfs:label	part_of
ERROR	multiple_labels	has part	rdfs:label	has part
ERROR	multiple_labels	has part	rdfs:label	has part@en
ERROR	multiple_labels	has part	rdfs:label	has_part
ERROR	multiple_labels	Vertebrata <Metazoa>	rdfs:label	Vertebrata <Metazoa>
ERROR	multiple_labels	Vertebrata <Metazoa>	rdfs:label	Vertebrata <vertebrates>
ERROR	multiple_labels	planned process	rdfs:label	planned process
ERROR	multiple_labels	planned process	rdfs:label	planned process@en
ERROR	multiple_labels	surrounded by	rdfs:label	surrounded by
ERROR	multiple_labels	surrounded by	rdfs:label	surrounded by@en
ERROR	multiple_labels	has habitat	rdfs:label	has habitat
ERROR	multiple_labels	has habitat	rdfs:label	has habitat@en
WARN	annotation_whitespace	continuant	IAO:0000602	<(forall (x y) (if (and (Continuant x) (exists (t) (continuantPartOfAt y x t))) (Continuant y))) // axiom label in BFO2 CLIF: [009-002] >
WARN	annotation_whitespace	continuant	IAO:0000602	<(forall (x y) (if (and (Continuant x) (exists (t) (hasContinuantPartOfAt y x t))) (Continuant y))) // axiom label in BFO2 CLIF: [126-001] >
WARN	annotation_whitespace	continuant	IAO:0000602	<(forall (x) (if (Continuant x) (Entity x))) // axiom label in BFO2 CLIF: [008-002] >
WARN	annotation_whitespace	continuant	IAO:0000602	<(forall (x) (if (Material Entity x) (exists (t) (and (TemporalRegion t) (existsAt x t))))) // axiom label in BFO2 CLIF: [011-002] >
WARN	annotation_whitespace	occurrent	IAO:0000602	<(forall (x) (if (Occurrent x) (exists (r) (and (SpatioTemporalRegion r) (occupiesSpatioTemporalRegion x r))))) // axiom label in BFO2 CLIF: [108-001] >
WARN	annotation_whitespace	occurrent	IAO:0000602	<(forall (x) (iff (Occurrent x) (and (Entity x) (exists (y) (temporalPartOf y x))))) // axiom label in BFO2 CLIF: [079-001] >
WARN	annotation_whitespace	independent continuant	IAO:0000602	<(forall (x t) (if (IndependentContinuant x) (exists (r) (and (SpatialRegion r) (locatedInAt x r t))))) // axiom label in BFO2 CLIF: [134-001] >
WARN	annotation_whitespace	independent continuant	IAO:0000602	<(forall (x t) (if (and (IndependentContinuant x) (existsAt x t)) (exists (y) (and (Entity y) (specificallyDependsOnAt y x t))))) // axiom label in BFO2 CLIF: [018-002] >
WARN	annotation_whitespace	independent continuant	IAO:0000602	<(iff (IndependentContinuant a) (and (Continuant a) (not (exists (b t) (specificallyDependsOnAt a b t))))) // axiom label in BFO2 CLIF: [017-002] >
WARN	annotation_whitespace	process	IAO:0000602	<(iff (Process a) (and (Occurrent a) (exists (b) (properTemporalPartOf b a)) (exists (c t) (and (MaterialEntity c) (specificallyDependsOnAt a c t))))) // axiom label in BFO2 CLIF: [083-003] >
WARN	annotation_whitespace	disposition	IAO:0000602	<(forall (x t) (if (and (RealizableEntity x) (existsAt x t)) (exists (y) (and (MaterialEntity y) (specificallyDepends x y t))))) // axiom label in BFO2 CLIF: [063-002] >
WARN	annotation_whitespace	disposition	IAO:0000602	<(forall (x) (if (Disposition x) (and (RealizableEntity x) (exists (y) (and (MaterialEntity y) (bearerOfAt x y t)))))) // axiom label in BFO2 CLIF: [062-002] >
WARN	annotation_whitespace	realizable entity	IAO:0000602	<(forall (x t) (if (RealizableEntity x) (exists (y) (and (IndependentContinuant y) (not (SpatialRegion y)) (bearerOfAt y x t))))) // axiom label in BFO2 CLIF: [060-002] >
WARN	annotation_whitespace	realizable entity	IAO:0000602	<(forall (x) (if (RealizableEntity x) (and (SpecificallyDependentContinuant x) (exists (y) (and (IndependentContinuant y) (not (SpatialRegion y)) (inheresIn x y)))))) // axiom label in BFO2 CLIF: [058-002] >
WARN	annotation_whitespace	quality	IAO:0000602	<(forall (x) (if (Quality x) (SpecificallyDependentContinuant x))) // axiom label in BFO2 CLIF: [055-001] >
WARN	annotation_whitespace	quality	IAO:0000602	<(forall (x) (if (exists (t) (and (existsAt x t) (Quality x))) (forall (t_1) (if (existsAt x t_1) (Quality x))))) // axiom label in BFO2 CLIF: [105-001] >
WARN	annotation_whitespace	specifically dependent continuant	IAO:0000602	<(iff (RelationalSpecificallyDependentContinuant a) (and (SpecificallyDependentContinuant a) (forall (t) (exists (b c) (and (not (SpatialRegion b)) (not (SpatialRegion c)) (not (= b c)) (not (exists (d) (and (continuantPartOfAt d b t) (continuantPartOfAt d c t)))) (specificallyDependsOnAt a b t) (specificallyDependsOnAt a c t)))))) // axiom label in BFO2 CLIF: [131-004] >
WARN	annotation_whitespace	specifically dependent continuant	IAO:0000602	<(iff (SpecificallyDependentContinuant a) (and (Continuant a) (forall (t) (if (existsAt a t) (exists (b) (and (IndependentContinuant b) (not (SpatialRegion b)) (specificallyDependsOnAt a b t))))))) // axiom label in BFO2 CLIF: [050-003] >
WARN	annotation_whitespace	role	IAO:0000602	<(forall (x) (if (Role x) (RealizableEntity x))) // axiom label in BFO2 CLIF: [061-001] >
WARN	annotation_whitespace	generically dependent continuant	IAO:0000602	<(iff (GenericallyDependentContinuant a) (and (Continuant a) (exists (b t) (genericallyDependsOnAt a b t)))) // axiom label in BFO2 CLIF: [074-001] >
WARN	annotation_whitespace	function	IAO:0000602	<(forall (x) (if (Function x) (Disposition x))) // axiom label in BFO2 CLIF: [064-001] >
WARN	annotation_whitespace	material entity	IAO:0000602	<(forall (x) (if (MaterialEntity x) (IndependentContinuant x))) // axiom label in BFO2 CLIF: [019-002] >
WARN	annotation_whitespace	material entity	IAO:0000602	<(forall (x) (if (and (Entity x) (exists (y t) (and (MaterialEntity y) (continuantPartOfAt x y t)))) (MaterialEntity x))) // axiom label in BFO2 CLIF: [021-002] >
WARN	annotation_whitespace	material entity	IAO:0000602	<(forall (x) (if (and (Entity x) (exists (y t) (and (MaterialEntity y) (continuantPartOfAt y x t)))) (MaterialEntity x))) // axiom label in BFO2 CLIF: [020-002] >
WARN	annotation_whitespace	datum label	IAO:0000232	<9/22/11 BP: changed the rdfs:label for this class from 'label' to 'datum label' to convey that this class is not intended to cover all kinds of labels (stickers, radiolabels, etc.), and not even all kind of textual labels, but rather the kind of labels occuring in a datum. >
WARN	annotation_whitespace	is_supported_by_data	IAO:0000112	"The relation between the conclusion \""Gene tpbA is involved in EPS production\"" and the data items produced using two sets of organisms, one being a tpbA knockout, the other being tpbA wildtype tested in polysacharide production assays and analyzed using an ANOVA. "
WARN	annotation_whitespace	drawing a conclusion based on data	IAO:0000112	Concluding that a gene is upregulated in a tissue sample based on the band intensity in a western blot.  Concluding that a patient has a infection based on measurement of an elevated body temperature and reported headache. Concluding that there were problems in an investigation because data from PCR and microarray are conflicting. Concluding that 'defects in gene XYZ cause cancer due to improper DNA repair' based on data from experiments in that study that gene XYZ is involved in DNA repair, and the conclusion of a previous study that cancer patients have an increased number of mutations in this gene. 
WARN	annotation_whitespace	categorical label	IAO:0000112	The labels 'positive' vs. 'negative', or 'left handed', 'right handed', 'ambidexterous', or 'strongly binding', 'weakly binding' , 'not binding', or '+++', '++', '+', '-' etc. form scales of categorical labels. 
WARN	annotation_whitespace	device	IAO:0000116	"<2012-12-17 JAO: In common lab usage, there is a distinction made between devices and reagents that is difficult to model. Therefore we have chosen to specifically exclude reagents from the definition of \""device\"", and are enumerating the types of roles that a reagent can perform.2013-6-5 MHB: The following clarifications are outcomes of the May 2013 Philly Workshop. Reagents are distinguished from devices that also participate in scientific techniques by the fact that reagents are chemical or biological in nature and necessarily participate in some chemical interaction or reaction during the realization of their experimental role. By contrast, devices do not participate in such chemical reactions/interactions. Note that there are cases where devices use reagent components during their operation, where the reagent-device distinction is less clear. For example:(1) An HPLC machine is considered a device, but has a column that holds a stationary phase resin as an operational component. This resin qualifies as a device if it participates purely in size exclusion, but bears a reagent role that is realized in the running of a column if it interacts electrostatically or chemically with the evaluant. The container the resin is in (“the column”) considered alone is a device. So the entire column as well as the entire HPLC machine are devices that have a reagent as an operating part.(2) A pH meter is a device, but its electrode component bears a reagent role in virtue of its interacting directly with the evaluant in execution of an assay.(3) A gel running box is a device that has a metallic lead as a component that participates in a chemical reaction with the running buffer when a charge is passed through it. This metallic lead is considered to have a reagent role as a component of this device realized in the running of a gel.In the examples above, a reagent is an operational component of a device, but the device itself does not realize a reagent role (as bearing a reagent role is not transitive across the part_of relation). In this way, the asserted disjointness between a reagent and device holds, as both roles are never realized in the same bearer during execution of an assay. >"
WARN	annotation_whitespace	questionnaire	IAO:0000116	<JT: It plays a role in collecting data that could be fleshed out more; but I'm thinking it is, in itself, an edited document. JZ: based on textual definition of edited document, it can be defined as N&S. I prefer to leave questionnaire as a document now. We can add more restrictions in the future and use that to determine it is an edited document or not. @en>
WARN	annotation_whitespace	Edingburgh handedness inventory	IAO:0000115	The Edinburgh Handedness Inventory is a set of questions used to assess the dominance of a person's right or left hand in everyday activities. @en
WARN	annotation_whitespace	conclusion based on data	IAO:0000116	"In the Philly 2013 workshop, we recognized the limitations of \""conclusion textual entity\"", and we introduced this as more general. The need for the 'textual entity' term going forward is up for future debate. "
WARN	annotation_whitespace	histologic grade according to AJCC 7th edition	IAO:0000112	< G4: Undifferentiated>
WARN	annotation_whitespace	histologic grade according to AJCC 7th edition	IAO:0000112	<G1:Well differentiated >
WARN	annotation_whitespace	histologic grade for ovarian tumor according to a two-tier grading system	IAO:0000115	A histologic grade for ovarian tumor that is from a two-tier histological classification of tumors. 
WARN	annotation_whitespace	Stage 0 (AJCC 7th)	IAO:0000115	A clinical tumor stage group according to AJCC 7th edition indicating a carcinoma in situ (or melanoma in situ for melanoma of the skin or germ cell neoplasia in situ for testicular germ cell tumors) and generally is considered to have no metastatic potential. 
WARN	annotation_whitespace	Stage IIA (FIGO)	IAO:0000115	An International Federation of Gynecology and Obstetrics cervical cancer stage value specification indicating cervical carcinoma invades beyond the uterus, but not to the pelvic wall or to the lower third of the vagina without parametrial invasion. 
WARN	annotation_whitespace	Stage IIA1 (FIGO)	IAO:0000115	An International Federation of Gynecology and Obstetrics cervical cancer stage value specification indicating cervical carcinoma invades beyond the uterus, but not to the pelvic wall or to the lower third of the vagina without parametrial invasion and clinically visible lesion <4.0 cm in greatest dimension. 
WARN	annotation_whitespace	Stage IIA2 (FIGO)	IAO:0000115	An International Federation of Gynecology and Obstetrics cervical cancer stage value specification indicating cervical carcinoma invades beyond the uterus, but not to the pelvic wall or to the lower third of the vagina without parametrial invasion and clinically visible lesion >4.0 cm in greatest dimension. 
WARN	annotation_whitespace	Stage IIB (FIGO)	IAO:0000115	An International Federation of Gynecology and Obstetrics cervical cancer stage value specification indicating cervical carcinoma invades beyond the uterus, but not to the pelvic wall or to the lower third of the vagina with obvious parametrial invasion. 
WARN	annotation_whitespace	spatially disjoint from	IAO:0000116	There are two ways to encode this as a shortcut relation. The other possibility to use an annotation assertion between two classes, and expand this to a disjointness axiom. @en
WARN	annotation_whitespace	capable of	IAO:0000115	A relation between a material entity (such as a cell) and a process, in which the material entity has the ability to carry out the process. 
WARN	annotation_whitespace	siemens	oboInOwl:hasExactSynonym	mho 
WARN	annotation_whitespace	electric field strength unit	oboInOwl:hasExactSynonym	E-field strength 
WARN	duplicate_exact_synonym	Stage IVB (AJCC 7th)	IAO:0000118	Stage IVB
WARN	duplicate_exact_synonym	Stage IVB (FIGO)	IAO:0000118	Stage IVB
WARN	duplicate_exact_synonym	Stage IVA (AJCC 7th)	IAO:0000118	Stage IVA
WARN	duplicate_exact_synonym	Stage IVA (FIGO)	IAO:0000118	Stage IVA
WARN	duplicate_exact_synonym	Stage IIIB (AJCC 7th)	IAO:0000118	Stage IIIB
WARN	duplicate_exact_synonym	Stage IIIB (FIGO)	IAO:0000118	Stage IIIB
WARN	duplicate_exact_synonym	Stage IIIA (AJCC 7th)	IAO:0000118	Stage IIIA
WARN	duplicate_exact_synonym	Stage IIIA (FIGO)	IAO:0000118	Stage IIIA
WARN	duplicate_exact_synonym	Stage IIB (AJCC 7th)	IAO:0000118	Stage IIB
WARN	duplicate_exact_synonym	Stage IIB (FIGO)	IAO:0000118	Stage IIB
WARN	duplicate_exact_synonym	Stage IIA (AJCC 7th)	IAO:0000118	Stage IIA
WARN	duplicate_exact_synonym	Stage IIA (FIGO)	IAO:0000118	Stage IIA
WARN	duplicate_exact_synonym	pathologic lymph node stage for colon and rectum according to AJCC 7th edition	IAO:0000118	<pN: Pathologic spread colon lymph nodes (AJCC 7th Edition)>
WARN	duplicate_exact_synonym	pathologic lymph node stage for lung according to AJCC 7th edition	IAO:0000118	<pN: Pathologic spread colon lymph nodes (AJCC 7th Edition)>
WARN	duplicate_exact_synonym	mass volume percentage	IAO:0000118	percent vol per vol
WARN	duplicate_exact_synonym	volume percentage	IAO:0000118	percent vol per vol
WARN	duplicate_exact_synonym	G4: Undifferentiated	IAO:0000118	G4
WARN	duplicate_exact_synonym	G4 (WHO)	IAO:0000118	G4
WARN	duplicate_exact_synonym	G3: Poorly differentiated	IAO:0000118	G3
WARN	duplicate_exact_synonym	G3 (WHO)	IAO:0000118	G3
WARN	duplicate_exact_synonym	G2: Moderately differentiated	IAO:0000118	G2
WARN	duplicate_exact_synonym	G2 (WHO)	IAO:0000118	G2
WARN	duplicate_exact_synonym	G1: Well differentiated	IAO:0000118	G1
WARN	duplicate_exact_synonym	G1 (WHO)	IAO:0000118	G1
WARN	duplicate_label_synonym	ocean	oboInOwl:hasExactSynonym	ocean
WARN	duplicate_label_synonym	sea	oboInOwl:hasExactSynonym	sea
WARN	duplicate_label_synonym	depression	oboInOwl:hasRelatedSynonym	depression
WARN	missing_definition	fiat object part	IAO:0000115	
WARN	missing_definition	site	IAO:0000115	
WARN	missing_definition	object	IAO:0000115	
WARN	missing_definition	has participant	IAO:0000115	
WARN	missing_definition	immaterial entity	IAO:0000115	
WARN	missing_definition	anatomical entity	IAO:0000115	
WARN	missing_definition	biological entity	IAO:0000115	
WARN	missing_definition	gas molecular entity	IAO:0000115	
WARN	missing_definition	electron donor	IAO:0000115	
WARN	missing_definition	water	IAO:0000115	
WARN	missing_definition	dioxygen	IAO:0000115	
WARN	missing_definition	carbon dioxide	IAO:0000115	
WARN	missing_definition	donor	IAO:0000115	
WARN	missing_definition	dinitrogen	IAO:0000115	
WARN	missing_definition	carbon oxide	IAO:0000115	
WARN	missing_definition	chloride salt	IAO:0000115	
WARN	missing_definition	chlorine molecular entity	IAO:0000115	
WARN	missing_definition	molecular entity	IAO:0000115	
WARN	missing_definition	chemical entity	IAO:0000115	
WARN	missing_definition	biological role	IAO:0000115	
WARN	missing_definition	halogen molecular entity	IAO:0000115	
WARN	missing_definition	hydroxides	IAO:0000115	
WARN	missing_definition	inorganic molecular entity	IAO:0000115	
WARN	missing_definition	inorganic salt	IAO:0000115	
WARN	missing_definition	salt	IAO:0000115	
WARN	missing_definition	elemental molecule	IAO:0000115	
WARN	missing_definition	molecule	IAO:0000115	
WARN	missing_definition	organic oxide	IAO:0000115	
WARN	missing_definition	oxide	IAO:0000115	
WARN	missing_definition	oxygen molecular entity	IAO:0000115	
WARN	missing_definition	sodium chloride	IAO:0000115	
WARN	missing_definition	sodium molecular entity	IAO:0000115	
WARN	missing_definition	sodium salt	IAO:0000115	
WARN	missing_definition	inorganic hydride	IAO:0000115	
WARN	missing_definition	atom	IAO:0000115	
WARN	missing_definition	elemental molecular entity	IAO:0000115	
WARN	missing_definition	elemental oxygen	IAO:0000115	
WARN	missing_definition	diatomic oxygen	IAO:0000115	
WARN	missing_definition	diatomic nitrogen	IAO:0000115	
WARN	missing_definition	elemental nitrogen	IAO:0000115	
WARN	missing_definition	nutrient	IAO:0000115	
WARN	missing_definition	heteroorganic entity	IAO:0000115	
WARN	missing_definition	alkali metal molecular entity	IAO:0000115	
WARN	missing_definition	pnictogen molecular entity	IAO:0000115	
WARN	missing_definition	chalcogen molecular entity	IAO:0000115	
WARN	missing_definition	elemental pnictogen	IAO:0000115	
WARN	missing_definition	metal atom	IAO:0000115	
WARN	missing_definition	main group molecular entity	IAO:0000115	
WARN	missing_definition	carbon group molecular entity	IAO:0000115	
WARN	missing_definition	noble gas molecular entity	IAO:0000115	
WARN	missing_definition	hydrogen molecular entity	IAO:0000115	
WARN	missing_definition	s-block molecular entity	IAO:0000115	
WARN	missing_definition	p-block molecular entity	IAO:0000115	
WARN	missing_definition	helium molecular entity	IAO:0000115	
WARN	missing_definition	hydrides	IAO:0000115	
WARN	missing_definition	oxygen hydride	IAO:0000115	
WARN	missing_definition	biomacromolecule	IAO:0000115	
WARN	missing_definition	macromolecule	IAO:0000115	
WARN	missing_definition	halide salt	IAO:0000115	
WARN	missing_definition	alkali metal salt	IAO:0000115	
WARN	missing_definition	inorganic chloride	IAO:0000115	
WARN	missing_definition	subatomic particle	IAO:0000115	
WARN	missing_definition	polyatomic entity	IAO:0000115	
WARN	missing_definition	chalcogen hydride	IAO:0000115	
WARN	missing_definition	argon molecular entity	IAO:0000115	
WARN	missing_definition	organochalcogen compound	IAO:0000115	
WARN	missing_definition	organooxygen compound	IAO:0000115	
WARN	missing_definition	mononuclear parent hydride	IAO:0000115	
WARN	missing_definition	heteroatomic molecular entity	IAO:0000115	
WARN	missing_definition	halide	IAO:0000115	
WARN	missing_definition	inorganic sodium salt	IAO:0000115	
WARN	missing_definition	mineral	IAO:0000115	
WARN	missing_definition	organic molecular entity	IAO:0000115	
WARN	missing_definition	role	IAO:0000115	
WARN	missing_definition	chemical role	IAO:0000115	
WARN	missing_definition	nitrogen molecular entity	IAO:0000115	
WARN	missing_definition	physiological role	IAO:0000115	
WARN	missing_definition	inorganic hydroxy compound	IAO:0000115	
WARN	missing_definition	chemical substance	IAO:0000115	
WARN	missing_definition	one-carbon compound	IAO:0000115	
WARN	missing_definition	organic molecule	IAO:0000115	
WARN	missing_definition	greenhouse gas	IAO:0000115	
WARN	missing_definition	food component	IAO:0000115	
WARN	missing_definition	geographic feature	IAO:0000115	
WARN	missing_definition	body of liquid	IAO:0000115	
WARN	missing_definition	mass fluid flow	IAO:0000115	
WARN	missing_definition	aquatic ecosystem	IAO:0000115	
WARN	missing_definition	marine ecosystem	IAO:0000115	
WARN	missing_definition	molecular_function	IAO:0000115	
WARN	missing_definition	catalytic activity	IAO:0000115	
WARN	missing_definition	kinase activity	IAO:0000115	
WARN	missing_definition	transferase activity	IAO:0000115	
WARN	missing_definition	transferase activity, transferring phosphorus-containing groups	IAO:0000115	
WARN	missing_definition	root	IAO:0000115	
WARN	missing_definition	Viruses	IAO:0000115	
WARN	missing_definition	Teleostomi	IAO:0000115	
WARN	missing_definition	Euteleostomi	IAO:0000115	
WARN	missing_definition	cellular organisms	IAO:0000115	
WARN	missing_definition	Dipnotetrapodomorpha	IAO:0000115	
WARN	missing_definition	Boreoeutheria	IAO:0000115	
WARN	missing_definition	Bacteria	IAO:0000115	
WARN	missing_definition	Homininae	IAO:0000115	
WARN	missing_definition	Archaea	IAO:0000115	
WARN	missing_definition	Eukaryota	IAO:0000115	
WARN	missing_definition	Euarchontoglires	IAO:0000115	
WARN	missing_definition	Simiiformes	IAO:0000115	
WARN	missing_definition	Hominoidea	IAO:0000115	
WARN	missing_definition	Tetrapoda	IAO:0000115	
WARN	missing_definition	Amniota	IAO:0000115	
WARN	missing_definition	Theria <Mammalia>	IAO:0000115	
WARN	missing_definition	Viridiplantae	IAO:0000115	
WARN	missing_definition	Opisthokonta	IAO:0000115	
WARN	missing_definition	Metazoa	IAO:0000115	
WARN	missing_definition	Bilateria	IAO:0000115	
WARN	missing_definition	Deuterostomia	IAO:0000115	
WARN	missing_definition	Haplorrhini	IAO:0000115	
WARN	missing_definition	Mammalia	IAO:0000115	
WARN	missing_definition	Eumetazoa	IAO:0000115	
WARN	missing_definition	Chordata	IAO:0000115	
WARN	missing_definition	Vertebrata <Metazoa>	IAO:0000115	
WARN	missing_definition	Gnathostomata <vertebrate>	IAO:0000115	
WARN	missing_definition	Sarcopterygii	IAO:0000115	
WARN	missing_definition	Craniata <chordata>	IAO:0000115	
WARN	missing_definition	Eutheria	IAO:0000115	
WARN	missing_definition	Primates	IAO:0000115	
WARN	missing_definition	Catarrhini	IAO:0000115	
WARN	missing_definition	Hominidae	IAO:0000115	
WARN	missing_definition	Homo	IAO:0000115	
WARN	missing_definition	Homo sapiens	IAO:0000115	
WARN	missing_definition	qualitative	IAO:0000115	
WARN	missing_definition	sloped downward	IAO:0000115	
WARN	missing_definition	root node	IAO:0000115	
WARN	missing_definition	has component activity	IAO:0000115	
WARN	missing_definition	directly regulated by	IAO:0000115	
WARN	missing_definition	during which ends	IAO:0000115	
WARN	missing_definition	ends after	IAO:0000115	
WARN	missing_definition	immediately preceded by	IAO:0000115	
WARN	missing_definition	immediately precedes	IAO:0000115	
WARN	missing_definition	temporally related to	IAO:0000115	
WARN	missing_definition	results in formation of	IAO:0000115	
WARN	missing_definition	causally upstream of, positive effect	IAO:0000115	
WARN	missing_definition	causally upstream of, negative effect	IAO:0000115	
WARN	missing_definition	enables	IAO:0000115	
WARN	missing_definition	formed as result of	IAO:0000115	
WARN	missing_definition	immediately causally downstream of	IAO:0000115	
WARN	missing_definition	phosphorylates	IAO:0000115	
WARN	missing_definition	helper property (not for use in curation)	IAO:0000115	
WARN	missing_definition	is kinase activity	IAO:0000115	
WARN	missing_definition	depends on	IAO:0000115	
WARN	missing_definition	causal relation between entities	IAO:0000115	
WARN	missing_definition	causally influenced by	IAO:0000115	
WARN	missing_definition	interaction relation helper property	IAO:0000115	
WARN	missing_definition	molecular interaction relation helper property	IAO:0000115	
WARN	missing_definition	acts upstream of or within, positive effect	IAO:0000115	
WARN	missing_definition	acts upstream of or within, negative effect	IAO:0000115	
WARN	missing_definition	causally upstream of or within, negative effect	IAO:0000115	
WARN	missing_definition	causally upstream of or within, positive effect	IAO:0000115	
WARN	missing_definition	unit	IAO:0000115	
WARN	missing_definition	electric current unit	IAO:0000115	
WARN	missing_definition	temperature unit	IAO:0000115	
WARN	missing_definition	substance unit	IAO:0000115	
WARN	missing_definition	luminous intensity unit	IAO:0000115	
WARN	missing_definition	base unit	IAO:0000115	
WARN	missing_definition	prefix	IAO:0000115	
WARN	missing_definition	area unit	IAO:0000115	
WARN	missing_definition	acceleration unit	IAO:0000115	
WARN	missing_definition	angular velocity unit	IAO:0000115	
WARN	missing_definition	angular acceleration unit	IAO:0000115	
WARN	missing_definition	concentration unit	IAO:0000115	
WARN	missing_definition	mass density unit	IAO:0000115	
WARN	missing_definition	luminance unit	IAO:0000115	
WARN	missing_definition	area density unit	IAO:0000115	
WARN	missing_definition	molar mass unit	IAO:0000115	
WARN	missing_definition	molar volume unit	IAO:0000115	
WARN	missing_definition	momentum unit	IAO:0000115	
WARN	missing_definition	rotational frequency unit	IAO:0000115	
WARN	missing_definition	specific volume unit	IAO:0000115	
WARN	missing_definition	speed/velocity unit	IAO:0000115	
WARN	missing_definition	unit of molarity	IAO:0000115	
WARN	missing_definition	unit of molality	IAO:0000115	
WARN	missing_definition	unit of normality	IAO:0000115	
WARN	missing_definition	volume unit	IAO:0000115	
WARN	missing_definition	frequency unit	IAO:0000115	
WARN	missing_definition	force unit	IAO:0000115	
WARN	missing_definition	pressure unit	IAO:0000115	
WARN	missing_definition	energy unit	IAO:0000115	
WARN	missing_definition	power unit	IAO:0000115	
WARN	missing_definition	illuminance unit	IAO:0000115	
WARN	missing_definition	luminous flux unit	IAO:0000115	
WARN	missing_definition	catalytic activity unit	IAO:0000115	
WARN	missing_definition	angle unit	IAO:0000115	
WARN	missing_definition	plane angle unit	IAO:0000115	
WARN	missing_definition	solid angle unit	IAO:0000115	
WARN	missing_definition	radiation unit	IAO:0000115	
WARN	missing_definition	activity (of a radionuclide) unit	IAO:0000115	
WARN	missing_definition	absorbed dose unit	IAO:0000115	
WARN	missing_definition	dose equivalent unit	IAO:0000115	
WARN	missing_definition	exposure unit	IAO:0000115	
WARN	missing_definition	irradiance unit	IAO:0000115	
WARN	missing_definition	light unit	IAO:0000115	
WARN	missing_definition	radiant intensity unit	IAO:0000115	
WARN	missing_definition	radiance unit	IAO:0000115	
WARN	missing_definition	parts per notation unit	IAO:0000115	
WARN	missing_definition	unit per volume unit	IAO:0000115	
WARN	missing_definition	density unit	IAO:0000115	
WARN	missing_definition	linear density unit	IAO:0000115	
WARN	missing_definition	dimensionless unit	IAO:0000115	
WARN	missing_definition	percent	IAO:0000115	
WARN	missing_definition	count unit	IAO:0000115	
WARN	missing_definition	ratio	IAO:0000115	
WARN	missing_definition	fraction	IAO:0000115	
WARN	missing_definition	cell concentration unit	IAO:0000115	
WARN	missing_definition	catalytic (activity) concentration unit	IAO:0000115	
WARN	missing_definition	volume per unit volume	IAO:0000115	
WARN	missing_definition	plaque forming unit per volume	IAO:0000115	
WARN	missing_definition	electric potential difference unit	IAO:0000115	
WARN	missing_definition	electric charge	IAO:0000115	
WARN	missing_definition	magnetic flux unit	IAO:0000115	
WARN	missing_definition	magnetic flux density unit	IAO:0000115	
WARN	missing_definition	information unit	IAO:0000115	
WARN	missing_definition	image resolution unit	IAO:0000115	
WARN	missing_definition	spatial resolution unit	IAO:0000115	
WARN	missing_definition	surface tension unit	IAO:0000115	
WARN	missing_definition	viscosity unit	IAO:0000115	
WARN	missing_definition	conduction unit	IAO:0000115	
WARN	missing_definition	electrical conduction unit	IAO:0000115	
WARN	missing_definition	heat conduction unit	IAO:0000115	
WARN	missing_definition	electric field strength unit	IAO:0000115	
WARN	missing_definition	volumetric flow rate unit	IAO:0000115	
WARN	missing_definition	rate unit	IAO:0000115	
WARN	missing_definition	mega	IAO:0000115	
WARN	missing_definition	kilo	IAO:0000115	
WARN	missing_definition	deci	IAO:0000115	
WARN	missing_definition	milli	IAO:0000115	
WARN	missing_definition	centi	IAO:0000115	
WARN	missing_definition	micro	IAO:0000115	
WARN	missing_definition	nano	IAO:0000115	
WARN	missing_definition	pico	IAO:0000115	
WARN	missing_definition	femto	IAO:0000115	
WARN	missing_definition	atto	IAO:0000115	
WARN	missing_definition	dose unit	IAO:0000115	
WARN	missing_definition	meter based unit	IAO:0000115	
WARN	missing_definition	second based unit	IAO:0000115	
WARN	missing_definition	ampere based unit	IAO:0000115	
WARN	missing_definition	kelvin based unit	IAO:0000115	
WARN	missing_definition	mole based unit	IAO:0000115	
WARN	missing_definition	candela based unit	IAO:0000115	
WARN	missing_definition	angstrom based unit	IAO:0000115	
WARN	missing_definition	gram based unit	IAO:0000115	
WARN	missing_definition	degree Celsius based unit	IAO:0000115	
WARN	missing_definition	minute based unit	IAO:0000115	
WARN	missing_definition	hour based unit	IAO:0000115	
WARN	missing_definition	day based unit	IAO:0000115	
WARN	missing_definition	week based unit	IAO:0000115	
WARN	missing_definition	month based unit	IAO:0000115	
WARN	missing_definition	year based unit	IAO:0000115	
WARN	missing_definition	molar based unit	IAO:0000115	
WARN	missing_definition	molal based unit	IAO:0000115	
WARN	missing_definition	normal based unit	IAO:0000115	
WARN	missing_definition	mole fraction based unit	IAO:0000115	
WARN	missing_definition	meter per second per second based unit	IAO:0000115	
WARN	missing_definition	radian per second per second based unit	IAO:0000115	
WARN	missing_definition	radian per second based unit	IAO:0000115	
WARN	missing_definition	square meter based unit	IAO:0000115	
WARN	missing_definition	square centimeter based unit	IAO:0000115	
WARN	missing_definition	square millimeter based unit	IAO:0000115	
WARN	missing_definition	gram per cubic centimeter based unit	IAO:0000115	
WARN	missing_definition	candela per square meter based unit	IAO:0000115	
WARN	missing_definition	gram per mole based unit	IAO:0000115	
WARN	missing_definition	cubic meter per mole based unit	IAO:0000115	
WARN	missing_definition	cubic centimeter per mole based unit	IAO:0000115	
WARN	missing_definition	turns per second based unit	IAO:0000115	
WARN	missing_definition	cubic meter per kilogram based unit	IAO:0000115	
WARN	missing_definition	meter per second based unit	IAO:0000115	
WARN	missing_definition	cubic meter based unit	IAO:0000115	
WARN	missing_definition	cubic centimeter based unit	IAO:0000115	
WARN	missing_definition	liter based unit	IAO:0000115	
WARN	missing_definition	cubic decimeter based unit	IAO:0000115	
WARN	missing_definition	hertz based unit	IAO:0000115	
WARN	missing_definition	newton based unit	IAO:0000115	
WARN	missing_definition	pascal based unit	IAO:0000115	
WARN	missing_definition	joule based unit	IAO:0000115	
WARN	missing_definition	watt based unit	IAO:0000115	
WARN	missing_definition	lux based unit	IAO:0000115	
WARN	missing_definition	lumen based unit	IAO:0000115	
WARN	missing_definition	katal based unit	IAO:0000115	
WARN	missing_definition	radian based unit	IAO:0000115	
WARN	missing_definition	steradian based unit	IAO:0000115	
WARN	missing_definition	becquerel based unit	IAO:0000115	
WARN	missing_definition	curie based unit	IAO:0000115	
WARN	missing_definition	gray based unit	IAO:0000115	
WARN	missing_definition	rad based unit	IAO:0000115	
WARN	missing_definition	roentgen based unit	IAO:0000115	
WARN	missing_definition	sievert based unit	IAO:0000115	
WARN	missing_definition	Roentgen equivalent man based unit	IAO:0000115	
WARN	missing_definition	disintegrations per minute based unit	IAO:0000115	
WARN	missing_definition	counts per minute based unit	IAO:0000115	
WARN	missing_definition	century based unit	IAO:0000115	
WARN	missing_definition	half life based unit	IAO:0000115	
WARN	missing_definition	foot candle based unit	IAO:0000115	
WARN	missing_definition	watt per square meter based unit	IAO:0000115	
WARN	missing_definition	einstein per square meter per second based unit	IAO:0000115	
WARN	missing_definition	watt per steradian per square meter based unit	IAO:0000115	
WARN	missing_definition	watt per steradian based unit	IAO:0000115	
WARN	missing_definition	mass percentage based unit	IAO:0000115	
WARN	missing_definition	mass volume percentage based unit	IAO:0000115	
WARN	missing_definition	volume percentage based unit	IAO:0000115	
WARN	missing_definition	parts per hundred based unit	IAO:0000115	
WARN	missing_definition	parts per thousand based unit	IAO:0000115	
WARN	missing_definition	parts per million based unit	IAO:0000115	
WARN	missing_definition	parts per billion based unit	IAO:0000115	
WARN	missing_definition	parts per trillion based unit	IAO:0000115	
WARN	missing_definition	parts per quadrillion based unit	IAO:0000115	
WARN	missing_definition	gram per milliliter based unit	IAO:0000115	
WARN	missing_definition	gram per liter based unit	IAO:0000115	
WARN	missing_definition	unit per milliliter based unit	IAO:0000115	
WARN	missing_definition	unit per liter based unit	IAO:0000115	
WARN	missing_definition	mass per unit volume based unit	IAO:0000115	
WARN	missing_definition	enzyme unit based unit	IAO:0000115	
WARN	missing_definition	degree based unit	IAO:0000115	
WARN	missing_definition	pi based unit	IAO:0000115	
WARN	missing_definition	molecule count based unit	IAO:0000115	
WARN	missing_definition	purity percentage based unit	IAO:0000115	
WARN	missing_definition	confluence percentage based unit	IAO:0000115	
WARN	missing_definition	degree Fahrenheit based unit	IAO:0000115	
WARN	missing_definition	pH based unit	IAO:0000115	
WARN	missing_definition	liter per kilogram based unit	IAO:0000115	
WARN	missing_definition	cells per milliliter based unit	IAO:0000115	
WARN	missing_definition	katal per cubic meter based unit	IAO:0000115	
WARN	missing_definition	katal per liter based unit	IAO:0000115	
WARN	missing_definition	gram per deciliter based unit	IAO:0000115	
WARN	missing_definition	colony forming unit based unit	IAO:0000115	
WARN	missing_definition	plaque forming unit based unit	IAO:0000115	
WARN	missing_definition	colony forming unit per milliliter based unit	IAO:0000115	
WARN	missing_definition	plaque forming unit per milliliter based unit	IAO:0000115	
WARN	missing_definition	disintegrations per second based unit	IAO:0000115	
WARN	missing_definition	volt based unit	IAO:0000115	
WARN	missing_definition	coulomb based unit	IAO:0000115	
WARN	missing_definition	dalton based unit	IAO:0000115	
WARN	missing_definition	watt-hour based unit	IAO:0000115	
WARN	missing_definition	weber based unit	IAO:0000115	
WARN	missing_definition	tesla based unit	IAO:0000115	
WARN	missing_definition	volt-hour based unit	IAO:0000115	
WARN	missing_definition	bit based unit	IAO:0000115	
WARN	missing_definition	byte based unit	IAO:0000115	
WARN	missing_definition	chroma sampling unit based unit	IAO:0000115	
WARN	missing_definition	dynamic range unit based unit	IAO:0000115	
WARN	missing_definition	dots per inch based unit	IAO:0000115	
WARN	missing_definition	pixels per inch based unit	IAO:0000115	
WARN	missing_definition	pixels per millimeter based unit	IAO:0000115	
WARN	missing_definition	base pair based unit	IAO:0000115	
WARN	missing_definition	kibibyte based unit	IAO:0000115	
WARN	missing_definition	mebibyte based unit	IAO:0000115	
WARN	missing_definition	newton per meter based unit	IAO:0000115	
WARN	missing_definition	dyne per cm based unit	IAO:0000115	
WARN	missing_definition	pascal second based unit	IAO:0000115	
WARN	missing_definition	poise based unit	IAO:0000115	
WARN	missing_definition	effective dose unit based unit	IAO:0000115	
WARN	missing_definition	siemens based unit	IAO:0000115	
WARN	missing_definition	watt per meter kelvin based unit	IAO:0000115	
WARN	missing_definition	electronvolt based unit	IAO:0000115	
WARN	missing_definition	volt per meter based unit	IAO:0000115	
WARN	missing_definition	absorbance unit based unit	IAO:0000115	
WARN	missing_definition	count per nanomolar second based unit	IAO:0000115	
WARN	missing_definition	count per molar second based unit	IAO:0000115	
WARN	missing_definition	count per nanomolar based unit	IAO:0000115	
WARN	missing_definition	count per molar based unit	IAO:0000115	
WARN	missing_definition	dosage unit based unit	IAO:0000115	
WARN	missing_definition	relative light unit based unit	IAO:0000115	
WARN	missing_definition	relative luminescence unit based unit	IAO:0000115	
WARN	missing_definition	relative fluorescence unit based unit	IAO:0000115	
WARN	missing_definition	square micrometer based unit	IAO:0000115	
WARN	missing_definition	hectare based unit	IAO:0000115	
WARN	missing_definition	inch based unit	IAO:0000115	
WARN	missing_definition	thou based unit	IAO:0000115	
WARN	missing_definition	foot based unit	IAO:0000115	
WARN	missing_definition	yard based unit	IAO:0000115	
WARN	missing_definition	chain based unit	IAO:0000115	
WARN	missing_definition	furlong based unit	IAO:0000115	
WARN	missing_definition	mile based unit	IAO:0000115	
WARN	missing_definition	league based unit	IAO:0000115	
WARN	missing_definition	maritime length unit based unit	IAO:0000115	
WARN	missing_definition	fathom based unit	IAO:0000115	
WARN	missing_definition	cable based unit	IAO:0000115	
WARN	missing_definition	nautical mile based unit	IAO:0000115	
WARN	missing_definition	perch based unit	IAO:0000115	
WARN	missing_definition	rood based unit	IAO:0000115	
WARN	missing_definition	acre based unit	IAO:0000115	
WARN	missing_definition	fluid ounce based unit	IAO:0000115	
WARN	missing_definition	gill based unit	IAO:0000115	
WARN	missing_definition	pint based unit	IAO:0000115	
WARN	missing_definition	quart based unit	IAO:0000115	
WARN	missing_definition	gallon based unit	IAO:0000115	
WARN	missing_definition	grain based unit	IAO:0000115	
WARN	missing_definition	drachm based unit	IAO:0000115	
WARN	missing_definition	ounce based unit	IAO:0000115	
WARN	missing_definition	pound based unit	IAO:0000115	
WARN	missing_definition	stone based unit	IAO:0000115	
WARN	missing_definition	quarter based unit	IAO:0000115	
WARN	missing_definition	hundredweight based unit	IAO:0000115	
WARN	missing_definition	ton based unit	IAO:0000115	
WARN	missing_definition	slug based unit	IAO:0000115	
WARN	missing_definition	teaspoon based unit	IAO:0000115	
WARN	missing_definition	gram per square meter based unit	IAO:0000115	
WARN	missing_definition	large calorie based unit	IAO:0000115	
WARN	duplicate_scoped_synonym	Euteleostomi	IAO:0000118	bony vertebrates
WARN	duplicate_scoped_synonym	Euteleostomi	oboInOwl:hasExactSynonym	bony vertebrates
WARN	duplicate_scoped_synonym	Bacteria	IAO:0000118	eubacteria
WARN	duplicate_scoped_synonym	Bacteria	oboInOwl:hasExactSynonym	eubacteria
WARN	duplicate_scoped_synonym	Eukaryota	IAO:0000118	eucaryotes
WARN	duplicate_scoped_synonym	Eukaryota	IAO:0000118	eukaryotes
WARN	duplicate_scoped_synonym	Eukaryota	oboInOwl:hasExactSynonym	eucaryotes
WARN	duplicate_scoped_synonym	Eukaryota	oboInOwl:hasExactSynonym	eukaryotes
WARN	duplicate_scoped_synonym	Eukaryota	oboInOwl:hasRelatedSynonym	eukaryotes
WARN	duplicate_scoped_synonym	Tetrapoda	IAO:0000118	tetrapods
WARN	duplicate_scoped_synonym	Tetrapoda	oboInOwl:hasExactSynonym	tetrapods
WARN	duplicate_scoped_synonym	Amniota	IAO:0000118	amniotes
WARN	duplicate_scoped_synonym	Amniota	oboInOwl:hasExactSynonym	amniotes
WARN	duplicate_scoped_synonym	Viridiplantae	oboInOwl:hasExactSynonym	green plants
WARN	duplicate_scoped_synonym	Viridiplantae	oboInOwl:hasRelatedSynonym	green plants
WARN	duplicate_scoped_synonym	Mammalia	IAO:0000118	mammals
WARN	duplicate_scoped_synonym	Mammalia	oboInOwl:hasExactSynonym	mammals
WARN	duplicate_scoped_synonym	Mammalia	oboInOwl:hasRelatedSynonym	mammals
WARN	duplicate_scoped_synonym	Chordata	oboInOwl:hasExactSynonym	chordates
WARN	duplicate_scoped_synonym	Chordata	oboInOwl:hasRelatedSynonym	chordates
WARN	duplicate_scoped_synonym	Vertebrata <Metazoa>	IAO:0000118	Vertebrata
WARN	duplicate_scoped_synonym	Vertebrata <Metazoa>	IAO:0000118	vertebrates
WARN	duplicate_scoped_synonym	Vertebrata <Metazoa>	oboInOwl:hasExactSynonym	Vertebrata
WARN	duplicate_scoped_synonym	Vertebrata <Metazoa>	oboInOwl:hasExactSynonym	vertebrates
WARN	duplicate_scoped_synonym	Vertebrata <Metazoa>	oboInOwl:hasRelatedSynonym	vertebrates
WARN	duplicate_scoped_synonym	Eutheria	oboInOwl:hasExactSynonym	placentals
WARN	duplicate_scoped_synonym	Eutheria	oboInOwl:hasRelatedSynonym	placentals
WARN	duplicate_scoped_synonym	Homo sapiens	IAO:0000118	human
WARN	duplicate_scoped_synonym	Homo sapiens	IAO:0000118	man
WARN	duplicate_scoped_synonym	Homo sapiens	oboInOwl:hasExactSynonym	human
WARN	duplicate_scoped_synonym	Homo sapiens	oboInOwl:hasExactSynonym	man
INFO	lowercase_definition	independent continuant	IAO:0000115	<b is an independent continuant = Def. b is a continuant which is such that there is no c and no t such that b s-depends_on c at t. (axiom label in BFO2 Reference: [017-002])@en>
INFO	lowercase_definition	process	IAO:0000115	<p is a process = Def. p is an occurrent that has temporal proper parts and for some time t, p s-depends_on some material entity at t. (axiom label in BFO2 Reference: [083-003])@en>
INFO	lowercase_definition	disposition	IAO:0000600	<b is a disposition means: b is a realizable entity & b’s bearer is some material entity & b is such that if it ceases to exist, then its bearer is physically changed, & b’s realization occurs when and because this bearer is in some special physical circumstances, & this realization occurs in virtue of the bearer’s physical make-up. (axiom label in BFO2 Reference: [062-002])@en>
INFO	lowercase_definition	quality	IAO:0000600	<a quality is a specifically dependent continuant that, in contrast to roles and dispositions, does not require any further process in order to be realized. (axiom label in BFO2 Reference: [055-001])@en>
INFO	lowercase_definition	specifically dependent continuant	IAO:0000115	<b is a relational specifically dependent continuant = Def. b is a specifically dependent continuant and there are n &gt; 1 independent continuants c1, … cn which are not spatial regions are such that for all 1 i &lt; j n, ci and cj share no common parts, are such that for each 1 i n, b s-depends_on ci at every time t during the course of b’s existence (axiom label in BFO2 Reference: [131-004])@en>
INFO	lowercase_definition	specifically dependent continuant	IAO:0000115	<b is a specifically dependent continuant = Def. b is a continuant & there is some independent continuant c which is not a spatial region and which is such that b s-depends_on c at every time t during the course of b’s existence. (axiom label in BFO2 Reference: [050-003])@en>
INFO	lowercase_definition	role	IAO:0000600	<b is a role means: b is a realizable entity & b exists because there is some single bearer that is in some special physical, social, or institutional set of circumstances in which this bearer does not have to be& b is not such that, if it ceases to exist, then the physical make-up of the bearer is thereby changed. (axiom label in BFO2 Reference: [061-001])@en>
INFO	lowercase_definition	generically dependent continuant	IAO:0000115	<b is a generically dependent continuant = Def. b is a continuant that g-depends_on one or more other entities. (axiom label in BFO2 Reference: [074-001])@en>
INFO	lowercase_definition	part_of	IAO:0000115	a core relation that holds between a part and its whole@en
INFO	lowercase_definition	has part	IAO:0000115	a core relation that holds between a whole and its part@en
INFO	lowercase_definition	realized in	IAO:0000600	<[copied from inverse property 'realizes'] to say that b realizes c at t is to assert that there is some material entity d & b is a process which has participant d at t & c is a disposition or role of which d is bearer_of at t& the type instantiated by b is correlated with the type instantiated by c. (axiom label in BFO2 Reference: [059-003])@en>
INFO	lowercase_definition	realizes	IAO:0000600	<to say that b realizes c at t is to assert that there is some material entity d & b is a process which has participant d at t & c is a disposition or role of which d is bearer_of at t& the type instantiated by b is correlated with the type instantiated by c. (axiom label in BFO2 Reference: [059-003])@en>
INFO	lowercase_definition	preceded by	IAO:0000115	<x is preceded by y if and only if the time point at which y ends is before or equivalent to the time point at which x starts. Formally: x preceded by y iff ω(y) <= α(x), where α is a function that maps a process to a start point, and ω is a function that maps a process to an end point.@en>
INFO	lowercase_definition	precedes	IAO:0000115	<x precedes y if and only if the time point at which x ends is before or equivalent to the time point at which y starts. Formally: x precedes y iff ω(x) <= α(y), where α is a function that maps a process to a start point, and ω is a function that maps a process to an end point.@en>
INFO	lowercase_definition	occurs in	IAO:0000115	b occurs_in c =def b is a process and c is a material entity or immaterial entity& there exists a spatiotemporal region r and b occupies_spatiotemporal_region r.& forall(t) if b exists_at t then c exists_at t & there exist spatial regions s and s’ where & b spatially_projects_onto s at t& c is occupies_spatial_region s’ at t& s is a proper_continuant_part_of s’ at t@en
INFO	lowercase_definition	contains process	IAO:0000115	[copied from inverse property 'occurs in'] b occurs_in c =def b is a process and c is a material entity or immaterial entity& there exists a spatiotemporal region r and b occupies_spatiotemporal_region r.& forall(t) if b exists_at t then c exists_at t & there exist spatial regions s and s’ where & b spatially_projects_onto s at t& c is occupies_spatial_region s’ at t& s is a proper_continuant_part_of s’ at t@en
INFO	lowercase_definition	partially_surrounded_by	IAO:0000115	x partially_surrounded_by y if and only if (1) x is adjacent to y and for the region r that is adjacent to x, r partially overlaps y (2) the shared boundary between x and y occupies  a non-trivial proportion of the outermost boundary of x
INFO	lowercase_definition	denoted by	IAO:0000115	inverse of the relation 'denotes'@en
INFO	lowercase_definition	regulator role	IAO:0000115	a regulatory role involved with making and/or enforcing relevant legislation and governmental orders@en
INFO	lowercase_definition	regulatory role	IAO:0000115	a role which inheres in material entities and is realized in the processes of making, enforcing or being defined by legislation or orders issued by a governmental body.@en
INFO	lowercase_definition	material supplier role	IAO:0000115	a role realized through the process of supplying materials such as animal subjects, reagents or other materials used in an investigation.@en
INFO	lowercase_definition	specimen role	IAO:0000115	a role borne by a material entity that is gained during a specimen collection process and that can be realized by use of the specimen in an investigation@en
INFO	lowercase_definition	zip	IAO:0000115	<zip is a format standard of a digital entity that is conformant with the PKWARE .ZIP file format specification (http://www.pkware.com/index.php?option=com_content&task=view&id=59&Itemid=103/)@en>
INFO	lowercase_definition	tar	IAO:0000115	<tar is a format standard of a digital entity that is conformant with the tape archive file format as standardized by POSIX.1-1998, POSIX.1-2001, or any other tar format compliant with the GNU tar specification. (http://www.gnu.org/software/tar/manual/)@en>
INFO	lowercase_definition	material transformation objective	IAO:0000115	an objective specifiction that creates an specific output object from input materials.@en
INFO	lowercase_definition	manufacturing objective	IAO:0000115	is the objective to manufacture a material of a certain function (device)@en
INFO	lowercase_definition	GenePattern software	IAO:0000115	a software that provides access to more than 100 tools for gene expression analysis, proteomics, SNP analysis and common data processing tasks.
INFO	lowercase_definition	service provider role	IAO:0000115	is a role which inheres in a person or organization and is realized in in a planned process which provides access to training, materials or execution of protocols for an organization or person
INFO	lowercase_definition	leave one out cross validation method	IAO:0000115	<is a data transformation : leave-one-out cross-validation (LOOCV) involves using a single observation from the original sample as the validation data, and the remaining observations as the training data. This is repeated such that each observation in the sample is used once as the validation data>
INFO	lowercase_definition	inheres in	IAO:0000115	a relation between a specifically dependent continuant (the dependent) and an independent continuant (the bearer), in which the dependent specifically depends on the bearer for its existence@en
INFO	lowercase_definition	bearer of	IAO:0000115	a relation between an independent continuant (the bearer) and a specifically dependent continuant (the dependent), in which the dependent specifically depends on the bearer for its existence@en
INFO	lowercase_definition	participates in	IAO:0000115	a relation between a continuant and a process, in which the continuant is somehow involved in the process@en
INFO	lowercase_definition	has participant	IAO:0000115	a relation between a process and a continuant, in which the continuant is somehow involved in the process@en
INFO	lowercase_definition	function of	IAO:0000115	a relation between a function and an independent continuant (the bearer), in which the function specifically depends on the bearer for its existence@en
INFO	lowercase_definition	role of	IAO:0000115	a relation between a role and an independent continuant (the bearer), in which the role specifically depends on the bearer for its existence@en
INFO	lowercase_definition	has function	IAO:0000115	a relation between an independent continuant (the bearer) and a function, in which the function specifically depends on the bearer for its existence@en
INFO	lowercase_definition	has quality	IAO:0000115	a relation between an independent continuant (the bearer) and a quality, in which the quality specifically depends on the bearer for its existence@en
INFO	lowercase_definition	has role	IAO:0000115	a relation between an independent continuant (the bearer) and a role, in which the role specifically depends on the bearer for its existence@en
INFO	lowercase_definition	derives from	IAO:0000115	a relation between two distinct material entities, the new entity and the old entity, in which the new entity begins to exist when the old entity ceases to exist, and the new entity inherits the significant portion of the matter of the old entity@en
INFO	lowercase_definition	located in	IAO:0000115	a relation between two independent continuants, the target and the location, in which the target is entirely within the location@en
INFO	lowercase_definition	has component process	IAO:0000115	w 'has process component' p if p and w are processes,  w 'has part' p and w is such that it can be directly disassembled into into n parts p, p2, p3, ..., pn, where these parts are of similar type.
INFO	lowercase_definition	overlaps	IAO:0000115	x overlaps y if and only if there exists some z such that x has part z and z part of y
INFO	lowercase_definition	has component	IAO:0000115	w 'has component' p if w 'has part' p and w is such that it can be directly disassembled into into n parts p, p2, p3, ..., pn, where these parts are of similar type.
INFO	lowercase_definition	develops from	IAO:0000115	x develops from y if and only if either (a) x directly develops from y or (b) there exists some z such that x directly develops from z and z develops from y
INFO	lowercase_definition	develops into	IAO:0000115	inverse of develops from
INFO	lowercase_definition	regulates	IAO:0000115	<process(P1) regulates process(P2) iff: P1 results in the initiation or termination of P2 OR affects the frequency of its initiation or termination OR affects the magnitude or rate of output of P2.>
INFO	lowercase_definition	capable of part of	IAO:0000115	c stands in this relationship to p if and only if there exists some p' such that c is capable_of p', and p' is part_of p.
INFO	lowercase_definition	surrounded by	IAO:0000115	x surrounded_by y if and only if (1) x is adjacent to y and for every region r that is adjacent to x, r overlaps y (2) the shared boundary between x and y occupies the majority of the outermost boundary of x
INFO	lowercase_definition	adjacent to	IAO:0000115	x adjacent to y if and only if x and y share a boundary.
INFO	lowercase_definition	ends	IAO:0000115	inverse of ends with
INFO	lowercase_definition	has input	IAO:0000115	<p has input c iff: p is a process, c is a material entity, c is a participant in p, c is present at the start of p, and the state of c is modified during p.>
INFO	lowercase_definition	has output	IAO:0000115	p has output c iff c is a participant in p, c is present at the end of p, and c is not present at the beginning of p.
INFO	lowercase_definition	has developmental contribution from	IAO:0000115	x has developmental contribution from y iff x has some part z such that z develops from y@en
INFO	lowercase_definition	developmentally contributes to	IAO:0000115	inverse of has developmental contribution from
INFO	lowercase_definition	acts upstream of	IAO:0000115	c acts upstream of p if and only if c enables some f that is involved in p' and p' occurs chronologically before p, is not part of p, and affects the execution of p. c is a material entity and f, p, p' are processes.
INFO	lowercase_definition	acts upstream of or within	IAO:0000115	c acts upstream of or within p if c is enables f, and f is causally upstream of or within p. c is a material entity and p is an process.
INFO	lowercase_definition	results in developmental progression of	IAO:0000115	p results in the developmental progression of s iff p is a developmental process and s is an anatomical structure and p causes s to undergo a change in state at some point along its natural developmental cycle (this cycle starts with its formation, through the mature structure, and ends with its loss).
INFO	lowercase_definition	has habitat	IAO:0000115	<x 'has habitat' y if and only if: x is an organism, y is a habitat, and y can sustain and allow the growth of a population of xs.>
INFO	lowercase_definition	inheres in part of	IAO:0000115	q inheres in part of w if and only if there exists some p such that q inheres in p and p part of w.
INFO	lowercase_definition	part of structure that is capable of	IAO:0000115	this relation holds between c and p when c is part of some c', and c' is capable of p.
INFO	lowercase_definition	involved in	IAO:0000115	c involved_in p if and only if c enables some process p', and p' is part of p
INFO	lowercase_definition	enabled by	IAO:0000115	inverse of enables
INFO	lowercase_definition	regulated by	IAO:0000115	inverse of regulates
INFO	lowercase_definition	negatively regulated by	IAO:0000115	inverse of negatively regulates
INFO	lowercase_definition	positively regulated by	IAO:0000115	inverse of positively regulates
INFO	lowercase_definition	member of	IAO:0000115	is member of is a mereological relation between a item and a collection.
INFO	lowercase_definition	has member	IAO:0000115	has member is a mereological relation between a collection and an item.
INFO	lowercase_definition	input of	IAO:0000115	inverse of has input
INFO	lowercase_definition	output of	IAO:0000115	inverse of has output
INFO	lowercase_definition	has developmental potential involving	IAO:0000115	x has developmental potential involving y iff x is capable of a developmental process with output y. y may be the successor of x, or may be a different structure in the vicinity (as for example in the case of developmental induction).@en
INFO	lowercase_definition	has potential to developmentally contribute to	IAO:0000115	x has potential to developmentrally contribute to y iff x developmentally contributes to y or x is capable of developmentally contributing to y@en
INFO	lowercase_definition	has potential to develop into	IAO:0000115	x has the potential to develop into y iff x develops into y or if x is capable of developing into y@en
INFO	lowercase_definition	has potential to directly develop into	IAO:0000115	x has potential to directly develop into y iff x directly develops into y or x is capable of directly developing into y@en
INFO	lowercase_definition	causally downstream of	IAO:0000115	inverse of upstream of
INFO	lowercase_definition	causally upstream of	IAO:0000115	p is causally upstream of q if and only if p precedes q and p and q are linked in a causal chain
INFO	lowercase_definition	immediately causally upstream of	IAO:0000115	p is immediately causally upstream of q iff both (a) p immediately precedes q and (b) p is causally upstream of q. In addition, the output of p  must be an input of q.
INFO	lowercase_definition	causally upstream of or within	IAO:0000115	p 'causally upstream or within' q iff (1) the end of p is before the end of q and (2) the execution of p exerts some causal influence over the outputs of q; i.e. if p was abolished or the outputs of p were to be modified, this would necessarily affect q.
INFO	lowercase_definition	causally downstream of or within	IAO:0000115	inverse of causally upstream of or within
INFO	lowercase_definition	involved in regulation of	IAO:0000115	c involved in regulation of p if c is involved in some p' and p' regulates some p
INFO	lowercase_definition	involved in positive regulation of	IAO:0000115	c involved in regulation of p if c is involved in some p' and p' positively regulates some p
INFO	lowercase_definition	involved in negative regulation of	IAO:0000115	c involved in regulation of p if c is involved in some p' and p' negatively regulates some p
INFO	lowercase_definition	involved in or involved in regulation of	IAO:0000115	c involved in or regulates p if and only if either (i) c is involved in p or (ii) c is involved in regulation of p
INFO	lowercase_definition	is active in	IAO:0000115	c executes activity in d if and only if c enables p and p occurs_in d.  Assuming no action at a distance by gene products, if a gene product enables (is capable of) a process that occurs in some structure, it must have at least some part in that structure.
INFO	lowercase_definition	composed primarily of	IAO:0000115	x composed_primarily_of y if and only if more than half of the mass of x is made from y or units of the same type as y.
INFO	lowercase_definition	has part that occurs in	IAO:0000115	p has part that occurs in c if and only if there exists some p1, such that p has_part p1, and p1 occurs in c.
INFO	lowercase_definition	causal relation between processes	IAO:0000115	p is causally related to q if and only if p or any part of p and q or any part of q are linked by a chain of events where each event pair is one of direct activation or direct inhibition. p may be upstream, downstream, part of or a container of q.
INFO	lowercase_definition	determined by	IAO:0000115	s determined by f if and only if s is a type of system, and f is a material entity that is part of s, such that f exerts a strong causal influence on the functioning of s, and the removal of f would cause the collapse of s.
INFO	lowercase_definition	determined by part of	IAO:0000115	s 'determined by part of' w if and only if there exists some f such that (1) s 'determined by' f and (2) f part_of w, or f=w.
INFO	lowercase_definition	has part structure that is capable of	IAO:0000115	s 'has part structure that is capable of' p if and only if there exists some part x such that s 'has part' x and x 'capable of' p
INFO	lowercase_definition	acts upstream of, positive effect	IAO:0000115	c 'acts upstream of, positive effect' p if c is enables f, and f is causally upstream of p, and the direction of f is positive
INFO	lowercase_definition	acts upstream of, negative effect	IAO:0000115	c 'acts upstream of, negative effect' p if c is enables f, and f is causally upstream of p, and the direction of f is negative
INFO	lowercase_definition	Earth	IAO:0000115	third planet from the Sun in the Solar System
INFO	lowercase_definition	Suni	IAO:0000115	"\""Suni, or Jalca, is one of the eight Natural Regions of Peru. It is located in the Andes at an altitude between 3,500 and 4,000 metres above sea level. Suni has a dry and cold weather and there are many glacial valleys. The flora includes gramineous plants and shrubs such as the taya-taya (Caesalpinia spinosa), the quishuar (Buddleja coriacea), and the cantuta (Cantua buxifolia) which was considered sacred by the Incas. Even though it is hard for plants to grow because of the weather, people are able to cultivate such crops as quinoa, qañiwa, broad beans and ulluku (Ullucus tuberosus). The main fauna is the guinea pig and, among numerous other highland birds, the Chiguanco thrush.\"""
INFO	missing_superclass	entity	rdfs:subClassOf	
INFO	missing_superclass	role	rdfs:subClassOf	
INFO	missing_superclass	organismal entity	rdfs:subClassOf	
INFO	missing_superclass	root node	rdfs:subClassOf	
INFO	missing_superclass	unit	rdfs:subClassOf	
INFO	missing_superclass	prefix	rdfs:subClassOf	
